<?xml version="1.0" encoding="UTF-8"?>

<ServiceExport_Array>
  <LibExport>
    <id>hello-world</id>
    <name>Sample Hello World</name>
    <description>Sample Hello World Custom View</description>
    <libPath>system/lib/hello-world</libPath>
    <js/>
    <css/>
    <other/>
    <version>1</version>
    <defaultVersion>true</defaultVersion>
    <hidden>true</hidden>
    <desktop>true</desktop>
    <mobile>true</mobile>
    <thumbnailUrl/>
    <helpUrl/>
    <dependsOn>
      <string>jquery</string>
    </dependsOn>
    <type>view</type>
    <subtype>Sample</subtype>
    <createdBy>admin</createdBy>
    <zipFileUrl>system/lib/hello-world/1/library.zip</zipFileUrl>
    <loadConfirmation>Sample.view.HelloWorld</loadConfirmation>
  </LibExport>
</ServiceExport_Array>
